{

  "Item":
  [
    {
      "id":1,
      "name":"Chotu Dada",
      "description":"+91 6536 7638 9872",
      "image_url":"file:///android_asset/chotu1.webp",
      "video_url":"https://klipi.github.io/video/chotu/chotu1.mp4",
      "voice_url":"https://klipi.github.io/video/chotu/chotu1.mp3"
    },
    {
      "id":2,
      "name":"Chotu Dada",
      "description":"+91 6536 7638 1112",
      "image_url":"file:///android_asset/chotu2.webp",
      "video_url":"https://klipi.github.io/video/chotu/chotu2.mp4",
      "voice_url":"https://klipi.github.io/video/chotu/chotu1.mp3"
    },
    {
      "id":3,
      "name":"Chotu Dada",
      "description":"+91 6536 7638 5555",
      "image_url":"file:///android_asset/chotu3.webp",
      "video_url":"https://klipi.github.io/video/chotu/chotu3.mp4",
      "voice_url":"https://klipi.github.io/video/chotu/chotu1.mp3"
    },
    {
      "id":4,
      "name":"Chotu Dada",
      "description":"+91 6536 7638 4442",
      "image_url":"file:///android_asset/chotu4.webp",
      "video_url":"https://klipi.github.io/video/chotu/chotu2.mp4",
      "voice_url":"https://klipi.github.io/video/chotu/chotu1.mp3"
    },
    {
      "id":5,
      "name":"Chotu Dada",
      "description":"+91 6536 7638 1111",
      "image_url":"file:///android_asset/chotu5.webp",
      "video_url":"https://klipi.github.io/video/chotu/chotu1.mp4",
      "voice_url":"https://klipi.github.io/video/chotu/chotu1.mp3"
    },
    {
      "id":6,
      "name":"Chotu Dada",
      "description":"+91 6536 7638 1234",
      "image_url":"file:///android_asset/chotu6.webp",
      "video_url":"https://klipi.github.io/video/chotu/chotu3.mp4",
      "voice_url":"https://klipi.github.io/video/chotu/chotu1.mp3"
    }
  ],
  
  "Wallpaper":
  [
    {
      "id":1,
      "title":"Chotu Dada",
      "image": "https://klipi.github.io/gambar/chotu/chotu1.webp"
    },
    {
      "id": 2,
      "title":"Chotu Dada",
      "image": "https://klipi.github.io/gambar/chotu/chotu2.webp"
    },
    {
      "id":3,
      "title":"Chotu Dada",
      "image": "https://klipi.github.io/gambar/chotu/chotu3.webp"
    },
    {
      "id":4,
      "title":"Chotu Dada",
      "image": "https://klipi.github.io/gambar/chotu/chotu4.webp"
    },

    {
      "id":5,
      "title":"Chotu Dada",
      "image": "https://klipi.github.io/gambar/chotu/chotu5.webp"
    },
    {
      "id":6,
      "title":"Chotu Dada",
      "image": "https://klipi.github.io/gambar/chotu/chotu6.webp"
    },
    {
      "id":7,
      "title":"Chotu Dada",
      "image": "https://klipi.github.io/gambar/chotu/chotu7.webp"
    },
    {
      "id":8,
      "title":"Chotu Dada",
      "image": "https://klipi.github.io/gambar/chotu/chotu8.webp"
    },
    {
      "id":9,
      "title":"Chotu Dada",
      "image": "https://klipi.github.io/gambar/chotu/chotu9.webp"
    },
    {
      "id":10,
      "title":"Chotu Dada",
      "image": "https://klipi.github.io/gambar/chotu/chotu10.webp"
    },
    {
      "id":11,
      "title":"Chotu Dada",
      "image": "https://klipi.github.io/gambar/chotu/chotu11.webp"
    },
    {
      "id":12,
      "title":"Chotu Dada",
      "image": "https://klipi.github.io/gambar/chotu/chotu12.webp"
    },
    {
      "id":13,
      "title":"Chotu Dada",
      "image": "https://klipi.github.io/gambar/chotu/chotu13.webp"
    },
    {
      "id":14,
      "title":"Chotu Dada",
      "image": "https://klipi.github.io/gambar/chotu/chotu14.webp"
    }
  ]
}
