{
  "project_info": {
    "project_number": "673207703408",
    "project_id": "fake-chat-1",
    "storage_bucket": "fake-chat-1.appspot.com"
  },
  "client": [
    {
      "client_info": {
        "mobilesdk_app_id": "1:673207703408:android:de8d8ed24522e52630a1b5",
        "android_client_info": {
          "package_name": "com.msa.bellapoarch_fakechat.claim"
        }
      },
      "oauth_client": [
        {
          "client_id": "673207703408-ee17sobe8rnv5fkgtmfmb2g163ap15kp.apps.googleusercontent.com",
          "client_type": 3
        }
      ],
      "api_key": [
        {
          "current_key": "AIzaSyA0K6_S3krbPmMntaq45EE1JycFZ_OzXz8"
        }
      ],
      "services": {
        "appinvite_service": {
          "other_platform_oauth_client": [
            {
              "client_id": "673207703408-ee17sobe8rnv5fkgtmfmb2g163ap15kp.apps.googleusercontent.com",
              "client_type": 3
            }
          ]
        }
      }
    },
    {
      "client_info": {
        "mobilesdk_app_id": "1:673207703408:android:cb4d6df056249e0730a1b5",
        "android_client_info": {
          "package_name": "com.msa.blackpink_jennie_fakecall.web"
        }
      },
      "oauth_client": [
        {
          "client_id": "673207703408-ee17sobe8rnv5fkgtmfmb2g163ap15kp.apps.googleusercontent.com",
          "client_type": 3
        }
      ],
      "api_key": [
        {
          "current_key": "AIzaSyA0K6_S3krbPmMntaq45EE1JycFZ_OzXz8"
        }
      ],
      "services": {
        "appinvite_service": {
          "other_platform_oauth_client": [
            {
              "client_id": "673207703408-ee17sobe8rnv5fkgtmfmb2g163ap15kp.apps.googleusercontent.com",
              "client_type": 3
            }
          ]
        }
      }
    },
    {
      "client_info": {
        "mobilesdk_app_id": "1:673207703408:android:2368f3dcc51f628830a1b5",
        "android_client_info": {
          "package_name": "com.msa.blackpink_rose_fakecall.web"
        }
      },
      "oauth_client": [
        {
          "client_id": "673207703408-ee17sobe8rnv5fkgtmfmb2g163ap15kp.apps.googleusercontent.com",
          "client_type": 3
        }
      ],
      "api_key": [
        {
          "current_key": "AIzaSyA0K6_S3krbPmMntaq45EE1JycFZ_OzXz8"
        }
      ],
      "services": {
        "appinvite_service": {
          "other_platform_oauth_client": [
            {
              "client_id": "673207703408-ee17sobe8rnv5fkgtmfmb2g163ap15kp.apps.googleusercontent.com",
              "client_type": 3
            }
          ]
        }
      }
    },
    {
      "client_info": {
        "mobilesdk_app_id": "1:673207703408:android:f3a67ac4ccc7ff1e30a1b5",
        "android_client_info": {
          "package_name": "com.msa.brentrivera_fakecall_fakechat.web"
        }
      },
      "oauth_client": [
        {
          "client_id": "673207703408-ee17sobe8rnv5fkgtmfmb2g163ap15kp.apps.googleusercontent.com",
          "client_type": 3
        }
      ],
      "api_key": [
        {
          "current_key": "AIzaSyA0K6_S3krbPmMntaq45EE1JycFZ_OzXz8"
        }
      ],
      "services": {
        "appinvite_service": {
          "other_platform_oauth_client": [
            {
              "client_id": "673207703408-ee17sobe8rnv5fkgtmfmb2g163ap15kp.apps.googleusercontent.com",
              "client_type": 3
            }
          ]
        }
      }
    },
    {
      "client_info": {
        "mobilesdk_app_id": "1:673207703408:android:4d63df2df3d65bb530a1b5",
        "android_client_info": {
          "package_name": "com.msa.btsjimin_army_fakecall.claim"
        }
      },
      "oauth_client": [
        {
          "client_id": "673207703408-3lqsdaamd0ta72vdbgjlsafgd9ttoslk.apps.googleusercontent.com",
          "client_type": 1,
          "android_info": {
            "package_name": "com.msa.btsjimin_army_fakecall.claim",
            "certificate_hash": "334ef90a3cd184e5b12d8a83b060ed779734a727"
          }
        },
        {
          "client_id": "673207703408-ee17sobe8rnv5fkgtmfmb2g163ap15kp.apps.googleusercontent.com",
          "client_type": 3
        }
      ],
      "api_key": [
        {
          "current_key": "AIzaSyA0K6_S3krbPmMntaq45EE1JycFZ_OzXz8"
        }
      ],
      "services": {
        "appinvite_service": {
          "other_platform_oauth_client": [
            {
              "client_id": "673207703408-ee17sobe8rnv5fkgtmfmb2g163ap15kp.apps.googleusercontent.com",
              "client_type": 3
            }
          ]
        }
      }
    },
    {
      "client_info": {
        "mobilesdk_app_id": "1:673207703408:android:f5d5f01e73bf8a6930a1b5",
        "android_client_info": {
          "package_name": "com.msa.btsjin_army_fakecall.gas"
        }
      },
      "oauth_client": [
        {
          "client_id": "673207703408-8g7es40qd3cm0cfifcdpd5htokk60s86.apps.googleusercontent.com",
          "client_type": 1,
          "android_info": {
            "package_name": "com.msa.btsjin_army_fakecall.gas",
            "certificate_hash": "d9f38daa2c9f598a0aad882abb180bf99b9edd7f"
          }
        },
        {
          "client_id": "673207703408-ee17sobe8rnv5fkgtmfmb2g163ap15kp.apps.googleusercontent.com",
          "client_type": 3
        }
      ],
      "api_key": [
        {
          "current_key": "AIzaSyA0K6_S3krbPmMntaq45EE1JycFZ_OzXz8"
        }
      ],
      "services": {
        "appinvite_service": {
          "other_platform_oauth_client": [
            {
              "client_id": "673207703408-ee17sobe8rnv5fkgtmfmb2g163ap15kp.apps.googleusercontent.com",
              "client_type": 3
            }
          ]
        }
      }
    },
    {
      "client_info": {
        "mobilesdk_app_id": "1:673207703408:android:66c4184072785c8a30a1b5",
        "android_client_info": {
          "package_name": "com.msa.btsrm_army_fakechat.car"
        }
      },
      "oauth_client": [
        {
          "client_id": "673207703408-ee17sobe8rnv5fkgtmfmb2g163ap15kp.apps.googleusercontent.com",
          "client_type": 3
        }
      ],
      "api_key": [
        {
          "current_key": "AIzaSyA0K6_S3krbPmMntaq45EE1JycFZ_OzXz8"
        }
      ],
      "services": {
        "appinvite_service": {
          "other_platform_oauth_client": [
            {
              "client_id": "673207703408-ee17sobe8rnv5fkgtmfmb2g163ap15kp.apps.googleusercontent.com",
              "client_type": 3
            }
          ]
        }
      }
    },
    {
      "client_info": {
        "mobilesdk_app_id": "1:673207703408:android:c15d6123b20a427f30a1b5",
        "android_client_info": {
          "package_name": "com.msa.btsv_kimtaehyung_army"
        }
      },
      "oauth_client": [
        {
          "client_id": "673207703408-v8jaa88ubtl755uhdu0v7bacot6o9g9t.apps.googleusercontent.com",
          "client_type": 1,
          "android_info": {
            "package_name": "com.msa.btsv_kimtaehyung_army",
            "certificate_hash": "c7e6cf71fcd0238de534e1ab1c6beffefa081756"
          }
        },
        {
          "client_id": "673207703408-ee17sobe8rnv5fkgtmfmb2g163ap15kp.apps.googleusercontent.com",
          "client_type": 3
        }
      ],
      "api_key": [
        {
          "current_key": "AIzaSyA0K6_S3krbPmMntaq45EE1JycFZ_OzXz8"
        }
      ],
      "services": {
        "appinvite_service": {
          "other_platform_oauth_client": [
            {
              "client_id": "673207703408-ee17sobe8rnv5fkgtmfmb2g163ap15kp.apps.googleusercontent.com",
              "client_type": 3
            }
          ]
        }
      }
    },
    {
      "client_info": {
        "mobilesdk_app_id": "1:673207703408:android:3315ef62d65677be30a1b5",
        "android_client_info": {
          "package_name": "com.msa.charlidamelio_tiktokstar.claim"
        }
      },
      "oauth_client": [
        {
          "client_id": "673207703408-ee17sobe8rnv5fkgtmfmb2g163ap15kp.apps.googleusercontent.com",
          "client_type": 3
        }
      ],
      "api_key": [
        {
          "current_key": "AIzaSyA0K6_S3krbPmMntaq45EE1JycFZ_OzXz8"
        }
      ],
      "services": {
        "appinvite_service": {
          "other_platform_oauth_client": [
            {
              "client_id": "673207703408-ee17sobe8rnv5fkgtmfmb2g163ap15kp.apps.googleusercontent.com",
              "client_type": 3
            }
          ]
        }
      },
      "admob_app_id": "ca-app-pub-7961099300265062~9014140735"
    },
    {
      "client_info": {
        "mobilesdk_app_id": "1:673207703408:android:e9ad8d5f7eb2771730a1b5",
        "android_client_info": {
          "package_name": "com.msa.chotudada_fakecall"
        }
      },
      "oauth_client": [
        {
          "client_id": "673207703408-3i71a1imionn7gachp157ns9ujvdflte.apps.googleusercontent.com",
          "client_type": 1,
          "android_info": {
            "package_name": "com.msa.chotudada_fakecall",
            "certificate_hash": "d1e735034ece4b5e035c2be23390853933cad11a"
          }
        },
        {
          "client_id": "673207703408-ee17sobe8rnv5fkgtmfmb2g163ap15kp.apps.googleusercontent.com",
          "client_type": 3
        }
      ],
      "api_key": [
        {
          "current_key": "AIzaSyA0K6_S3krbPmMntaq45EE1JycFZ_OzXz8"
        }
      ],
      "services": {
        "appinvite_service": {
          "other_platform_oauth_client": [
            {
              "client_id": "673207703408-ee17sobe8rnv5fkgtmfmb2g163ap15kp.apps.googleusercontent.com",
              "client_type": 3
            }
          ]
        }
      },
      "admob_app_id": "ca-app-pub-7961099300265062~5846919906"
    },
    {
      "client_info": {
        "mobilesdk_app_id": "1:673207703408:android:c15e3e0222426f3230a1b5",
        "android_client_info": {
          "package_name": "com.msa.dixie_Damelio_fakecall.claim"
        }
      },
      "oauth_client": [
        {
          "client_id": "673207703408-ee17sobe8rnv5fkgtmfmb2g163ap15kp.apps.googleusercontent.com",
          "client_type": 3
        }
      ],
      "api_key": [
        {
          "current_key": "AIzaSyA0K6_S3krbPmMntaq45EE1JycFZ_OzXz8"
        }
      ],
      "services": {
        "appinvite_service": {
          "other_platform_oauth_client": [
            {
              "client_id": "673207703408-ee17sobe8rnv5fkgtmfmb2g163ap15kp.apps.googleusercontent.com",
              "client_type": 3
            }
          ]
        }
      }
    },
    {
      "client_info": {
        "mobilesdk_app_id": "1:673207703408:android:01702eb42bf09ea730a1b5",
        "android_client_info": {
          "package_name": "com.msa.dwayne_johnson_therock_fakecall.claim"
        }
      },
      "oauth_client": [
        {
          "client_id": "673207703408-ee17sobe8rnv5fkgtmfmb2g163ap15kp.apps.googleusercontent.com",
          "client_type": 3
        }
      ],
      "api_key": [
        {
          "current_key": "AIzaSyA0K6_S3krbPmMntaq45EE1JycFZ_OzXz8"
        }
      ],
      "services": {
        "appinvite_service": {
          "other_platform_oauth_client": [
            {
              "client_id": "673207703408-ee17sobe8rnv5fkgtmfmb2g163ap15kp.apps.googleusercontent.com",
              "client_type": 3
            }
          ]
        }
      }
    },
    {
      "client_info": {
        "mobilesdk_app_id": "1:673207703408:android:08d5bc92152f03b630a1b5",
        "android_client_info": {
          "package_name": "com.msa.exo_baekhyun_fakecall.web"
        }
      },
      "oauth_client": [
        {
          "client_id": "673207703408-ee17sobe8rnv5fkgtmfmb2g163ap15kp.apps.googleusercontent.com",
          "client_type": 3
        }
      ],
      "api_key": [
        {
          "current_key": "AIzaSyA0K6_S3krbPmMntaq45EE1JycFZ_OzXz8"
        }
      ],
      "services": {
        "appinvite_service": {
          "other_platform_oauth_client": [
            {
              "client_id": "673207703408-ee17sobe8rnv5fkgtmfmb2g163ap15kp.apps.googleusercontent.com",
              "client_type": 3
            }
          ]
        }
      }
    },
    {
      "client_info": {
        "mobilesdk_app_id": "1:673207703408:android:9db8279295314f3130a1b5",
        "android_client_info": {
          "package_name": "com.msa.exo_chanyeol_fakecall.web"
        }
      },
      "oauth_client": [
        {
          "client_id": "673207703408-ee17sobe8rnv5fkgtmfmb2g163ap15kp.apps.googleusercontent.com",
          "client_type": 3
        }
      ],
      "api_key": [
        {
          "current_key": "AIzaSyA0K6_S3krbPmMntaq45EE1JycFZ_OzXz8"
        }
      ],
      "services": {
        "appinvite_service": {
          "other_platform_oauth_client": [
            {
              "client_id": "673207703408-ee17sobe8rnv5fkgtmfmb2g163ap15kp.apps.googleusercontent.com",
              "client_type": 3
            }
          ]
        }
      }
    },
    {
      "client_info": {
        "mobilesdk_app_id": "1:673207703408:android:a223164f1e616f8930a1b5",
        "android_client_info": {
          "package_name": "com.msa.james_charles_fakecall.claim"
        }
      },
      "oauth_client": [
        {
          "client_id": "673207703408-ee17sobe8rnv5fkgtmfmb2g163ap15kp.apps.googleusercontent.com",
          "client_type": 3
        }
      ],
      "api_key": [
        {
          "current_key": "AIzaSyA0K6_S3krbPmMntaq45EE1JycFZ_OzXz8"
        }
      ],
      "services": {
        "appinvite_service": {
          "other_platform_oauth_client": [
            {
              "client_id": "673207703408-ee17sobe8rnv5fkgtmfmb2g163ap15kp.apps.googleusercontent.com",
              "client_type": 3
            }
          ]
        }
      }
    },
    {
      "client_info": {
        "mobilesdk_app_id": "1:673207703408:android:30f441ad253b741530a1b5",
        "android_client_info": {
          "package_name": "com.msa.jisoo_blackpink_fakecall.web"
        }
      },
      "oauth_client": [
        {
          "client_id": "673207703408-ee17sobe8rnv5fkgtmfmb2g163ap15kp.apps.googleusercontent.com",
          "client_type": 3
        }
      ],
      "api_key": [
        {
          "current_key": "AIzaSyA0K6_S3krbPmMntaq45EE1JycFZ_OzXz8"
        }
      ],
      "services": {
        "appinvite_service": {
          "other_platform_oauth_client": [
            {
              "client_id": "673207703408-ee17sobe8rnv5fkgtmfmb2g163ap15kp.apps.googleusercontent.com",
              "client_type": 3
            }
          ]
        }
      }
    },
    {
      "client_info": {
        "mobilesdk_app_id": "1:673207703408:android:f9de359aa7634efb30a1b5",
        "android_client_info": {
          "package_name": "com.msa.jojosiwa_fakecall.claim"
        }
      },
      "oauth_client": [
        {
          "client_id": "673207703408-ee17sobe8rnv5fkgtmfmb2g163ap15kp.apps.googleusercontent.com",
          "client_type": 3
        }
      ],
      "api_key": [
        {
          "current_key": "AIzaSyA0K6_S3krbPmMntaq45EE1JycFZ_OzXz8"
        }
      ],
      "services": {
        "appinvite_service": {
          "other_platform_oauth_client": [
            {
              "client_id": "673207703408-ee17sobe8rnv5fkgtmfmb2g163ap15kp.apps.googleusercontent.com",
              "client_type": 3
            }
          ]
        }
      }
    },
    {
      "client_info": {
        "mobilesdk_app_id": "1:673207703408:android:7443c42cadd64c4e30a1b5",
        "android_client_info": {
          "package_name": "com.msa.jungkook_bts_army_fakecall"
        }
      },
      "oauth_client": [
        {
          "client_id": "673207703408-ckhdgar14670sih6l72jg5bndm3bl8cq.apps.googleusercontent.com",
          "client_type": 1,
          "android_info": {
            "package_name": "com.msa.jungkook_bts_army_fakecall",
            "certificate_hash": "0b52eb5a86eb34c4e06fbfab0bcbff52dc8e74bd"
          }
        },
        {
          "client_id": "673207703408-ee17sobe8rnv5fkgtmfmb2g163ap15kp.apps.googleusercontent.com",
          "client_type": 3
        }
      ],
      "api_key": [
        {
          "current_key": "AIzaSyA0K6_S3krbPmMntaq45EE1JycFZ_OzXz8"
        }
      ],
      "services": {
        "appinvite_service": {
          "other_platform_oauth_client": [
            {
              "client_id": "673207703408-ee17sobe8rnv5fkgtmfmb2g163ap15kp.apps.googleusercontent.com",
              "client_type": 3
            }
          ]
        }
      }
    },
    {
      "client_info": {
        "mobilesdk_app_id": "1:673207703408:android:6cdc59efdc0b504830a1b5",
        "android_client_info": {
          "package_name": "com.msa.kids_dianashow_fakecall"
        }
      },
      "oauth_client": [
        {
          "client_id": "673207703408-3ar1sstnq49aubffkqa563c03sdpubvm.apps.googleusercontent.com",
          "client_type": 1,
          "android_info": {
            "package_name": "com.msa.kids_dianashow_fakecall",
            "certificate_hash": "b6e02404114beff3f422c079ed5b4c892551fcb9"
          }
        },
        {
          "client_id": "673207703408-ee17sobe8rnv5fkgtmfmb2g163ap15kp.apps.googleusercontent.com",
          "client_type": 3
        }
      ],
      "api_key": [
        {
          "current_key": "AIzaSyA0K6_S3krbPmMntaq45EE1JycFZ_OzXz8"
        }
      ],
      "services": {
        "appinvite_service": {
          "other_platform_oauth_client": [
            {
              "client_id": "673207703408-ee17sobe8rnv5fkgtmfmb2g163ap15kp.apps.googleusercontent.com",
              "client_type": 3
            }
          ]
        }
      }
    },
    {
      "client_info": {
        "mobilesdk_app_id": "1:673207703408:android:499aef199bfa6e6830a1b5",
        "android_client_info": {
          "package_name": "com.msa.kimberly_loaiza_fakecall.cars"
        }
      },
      "oauth_client": [
        {
          "client_id": "673207703408-ee17sobe8rnv5fkgtmfmb2g163ap15kp.apps.googleusercontent.com",
          "client_type": 3
        }
      ],
      "api_key": [
        {
          "current_key": "AIzaSyA0K6_S3krbPmMntaq45EE1JycFZ_OzXz8"
        }
      ],
      "services": {
        "appinvite_service": {
          "other_platform_oauth_client": [
            {
              "client_id": "673207703408-ee17sobe8rnv5fkgtmfmb2g163ap15kp.apps.googleusercontent.com",
              "client_type": 3
            }
          ]
        }
      }
    },
    {
      "client_info": {
        "mobilesdk_app_id": "1:673207703408:android:59b9b7a1d84f038930a1b5",
        "android_client_info": {
          "package_name": "com.msa.likenastya_fakecall"
        }
      },
      "oauth_client": [
        {
          "client_id": "673207703408-9eltm0kqj8rnkj5590mjnslkob55gbbi.apps.googleusercontent.com",
          "client_type": 1,
          "android_info": {
            "package_name": "com.msa.likenastya_fakecall",
            "certificate_hash": "de53327927fac009fe405dc14b4026fceb328210"
          }
        },
        {
          "client_id": "673207703408-ee17sobe8rnv5fkgtmfmb2g163ap15kp.apps.googleusercontent.com",
          "client_type": 3
        }
      ],
      "api_key": [
        {
          "current_key": "AIzaSyA0K6_S3krbPmMntaq45EE1JycFZ_OzXz8"
        }
      ],
      "services": {
        "appinvite_service": {
          "other_platform_oauth_client": [
            {
              "client_id": "673207703408-ee17sobe8rnv5fkgtmfmb2g163ap15kp.apps.googleusercontent.com",
              "client_type": 3
            }
          ]
        }
      }
    },
    {
      "client_info": {
        "mobilesdk_app_id": "1:673207703408:android:d03d49ce1b66b47230a1b5",
        "android_client_info": {
          "package_name": "com.msa.loren_gray_fakecall.claim"
        }
      },
      "oauth_client": [
        {
          "client_id": "673207703408-ee17sobe8rnv5fkgtmfmb2g163ap15kp.apps.googleusercontent.com",
          "client_type": 3
        }
      ],
      "api_key": [
        {
          "current_key": "AIzaSyA0K6_S3krbPmMntaq45EE1JycFZ_OzXz8"
        }
      ],
      "services": {
        "appinvite_service": {
          "other_platform_oauth_client": [
            {
              "client_id": "673207703408-ee17sobe8rnv5fkgtmfmb2g163ap15kp.apps.googleusercontent.com",
              "client_type": 3
            }
          ]
        }
      }
    },
    {
      "client_info": {
        "mobilesdk_app_id": "1:673207703408:android:95c9db53ed4d6cee30a1b5",
        "android_client_info": {
          "package_name": "com.msa.luluca_fakecall"
        }
      },
      "oauth_client": [
        {
          "client_id": "673207703408-uauoo35jmb3a4p9e4sjjvkdg4g2veel3.apps.googleusercontent.com",
          "client_type": 1,
          "android_info": {
            "package_name": "com.msa.luluca_fakecall",
            "certificate_hash": "5b39097776a5277c429157a13553d21bd8574d31"
          }
        },
        {
          "client_id": "673207703408-ee17sobe8rnv5fkgtmfmb2g163ap15kp.apps.googleusercontent.com",
          "client_type": 3
        }
      ],
      "api_key": [
        {
          "current_key": "AIzaSyA0K6_S3krbPmMntaq45EE1JycFZ_OzXz8"
        }
      ],
      "services": {
        "appinvite_service": {
          "other_platform_oauth_client": [
            {
              "client_id": "673207703408-ee17sobe8rnv5fkgtmfmb2g163ap15kp.apps.googleusercontent.com",
              "client_type": 3
            }
          ]
        }
      }
    },
    {
      "client_info": {
        "mobilesdk_app_id": "1:673207703408:android:bf29bd13bd9029eb30a1b5",
        "android_client_info": {
          "package_name": "com.msa.michael_lee_fakecall.car"
        }
      },
      "oauth_client": [
        {
          "client_id": "673207703408-ee17sobe8rnv5fkgtmfmb2g163ap15kp.apps.googleusercontent.com",
          "client_type": 3
        }
      ],
      "api_key": [
        {
          "current_key": "AIzaSyA0K6_S3krbPmMntaq45EE1JycFZ_OzXz8"
        }
      ],
      "services": {
        "appinvite_service": {
          "other_platform_oauth_client": [
            {
              "client_id": "673207703408-ee17sobe8rnv5fkgtmfmb2g163ap15kp.apps.googleusercontent.com",
              "client_type": 3
            }
          ]
        }
      }
    },
    {
      "client_info": {
        "mobilesdk_app_id": "1:673207703408:android:feccacf733309d5630a1b5",
        "android_client_info": {
          "package_name": "com.msa.momoland_nancy.cars"
        }
      },
      "oauth_client": [
        {
          "client_id": "673207703408-ee17sobe8rnv5fkgtmfmb2g163ap15kp.apps.googleusercontent.com",
          "client_type": 3
        }
      ],
      "api_key": [
        {
          "current_key": "AIzaSyA0K6_S3krbPmMntaq45EE1JycFZ_OzXz8"
        }
      ],
      "services": {
        "appinvite_service": {
          "other_platform_oauth_client": [
            {
              "client_id": "673207703408-ee17sobe8rnv5fkgtmfmb2g163ap15kp.apps.googleusercontent.com",
              "client_type": 3
            }
          ]
        }
      }
    },
    {
      "client_info": {
        "mobilesdk_app_id": "1:673207703408:android:aa3aa1c15aa3d39c30a1b5",
        "android_client_info": {
          "package_name": "com.msa.momoland_nayun.web"
        }
      },
      "oauth_client": [
        {
          "client_id": "673207703408-ee17sobe8rnv5fkgtmfmb2g163ap15kp.apps.googleusercontent.com",
          "client_type": 3
        }
      ],
      "api_key": [
        {
          "current_key": "AIzaSyA0K6_S3krbPmMntaq45EE1JycFZ_OzXz8"
        }
      ],
      "services": {
        "appinvite_service": {
          "other_platform_oauth_client": [
            {
              "client_id": "673207703408-ee17sobe8rnv5fkgtmfmb2g163ap15kp.apps.googleusercontent.com",
              "client_type": 3
            }
          ]
        }
      }
    },
    {
      "client_info": {
        "mobilesdk_app_id": "1:673207703408:android:7ab8767d322e3e0d30a1b5",
        "android_client_info": {
          "package_name": "com.msa.riyazaly_fakechat.fakecall"
        }
      },
      "oauth_client": [
        {
          "client_id": "673207703408-ee17sobe8rnv5fkgtmfmb2g163ap15kp.apps.googleusercontent.com",
          "client_type": 3
        }
      ],
      "api_key": [
        {
          "current_key": "AIzaSyA0K6_S3krbPmMntaq45EE1JycFZ_OzXz8"
        }
      ],
      "services": {
        "appinvite_service": {
          "other_platform_oauth_client": [
            {
              "client_id": "673207703408-ee17sobe8rnv5fkgtmfmb2g163ap15kp.apps.googleusercontent.com",
              "client_type": 3
            }
          ]
        }
      }
    },
    {
      "client_info": {
        "mobilesdk_app_id": "1:673207703408:android:a28c09843d4cb48930a1b5",
        "android_client_info": {
          "package_name": "com.msa.santaclaus_fakecall.cars"
        }
      },
      "oauth_client": [
        {
          "client_id": "673207703408-ee17sobe8rnv5fkgtmfmb2g163ap15kp.apps.googleusercontent.com",
          "client_type": 3
        }
      ],
      "api_key": [
        {
          "current_key": "AIzaSyA0K6_S3krbPmMntaq45EE1JycFZ_OzXz8"
        }
      ],
      "services": {
        "appinvite_service": {
          "other_platform_oauth_client": [
            {
              "client_id": "673207703408-ee17sobe8rnv5fkgtmfmb2g163ap15kp.apps.googleusercontent.com",
              "client_type": 3
            }
          ]
        }
      }
    },
    {
      "client_info": {
        "mobilesdk_app_id": "1:673207703408:android:851dc7fd7b2f760930a1b5",
        "android_client_info": {
          "package_name": "com.msa.shifa_fakecallshfa.claim"
        }
      },
      "oauth_client": [
        {
          "client_id": "673207703408-ee17sobe8rnv5fkgtmfmb2g163ap15kp.apps.googleusercontent.com",
          "client_type": 3
        }
      ],
      "api_key": [
        {
          "current_key": "AIzaSyA0K6_S3krbPmMntaq45EE1JycFZ_OzXz8"
        }
      ],
      "services": {
        "appinvite_service": {
          "other_platform_oauth_client": [
            {
              "client_id": "673207703408-ee17sobe8rnv5fkgtmfmb2g163ap15kp.apps.googleusercontent.com",
              "client_type": 3
            }
          ]
        }
      }
    },
    {
      "client_info": {
        "mobilesdk_app_id": "1:673207703408:android:9d80ed5fdb7b547530a1b5",
        "android_client_info": {
          "package_name": "com.msa.taylorswift_fakecall"
        }
      },
      "oauth_client": [
        {
          "client_id": "673207703408-bq5ji6uturvoih7ik70fj1v1t3j5icl3.apps.googleusercontent.com",
          "client_type": 1,
          "android_info": {
            "package_name": "com.msa.taylorswift_fakecall",
            "certificate_hash": "8bf9772f0b69cd6a5cb400a2aeb95c9cf22520f9"
          }
        },
        {
          "client_id": "673207703408-ee17sobe8rnv5fkgtmfmb2g163ap15kp.apps.googleusercontent.com",
          "client_type": 3
        }
      ],
      "api_key": [
        {
          "current_key": "AIzaSyA0K6_S3krbPmMntaq45EE1JycFZ_OzXz8"
        }
      ],
      "services": {
        "appinvite_service": {
          "other_platform_oauth_client": [
            {
              "client_id": "673207703408-ee17sobe8rnv5fkgtmfmb2g163ap15kp.apps.googleusercontent.com",
              "client_type": 3
            }
          ]
        }
      }
    }
  ],
  "configuration_version": "1"
}