{
  "Skin":
  [
    {
      "id":1,
      "nama_skin":"Fire Skin",
      "skin_url":"https://rastariski01.github.io/ffskinmcpe/skin/skin1.png",
      "view_skin":"https://klipi.github.io/mcp/freefire/1.webp"
    },
    {
      "id":2,
      "nama_skin":"Fire Skin",
      "skin_url":"https://rastariski01.github.io/ffskinmcpe/skin/skin2.png",
      "view_skin":"https://klipi.github.io/mcp/freefire/2.webp"
    },
    {
      "id":3,
      "nama_skin":"Fire Skin",
      "skin_url":"https://rastariski01.github.io/ffskinmcpe/skin/skin3.png",
      "view_skin":"https://klipi.github.io/mcp/freefire/3.webp"
    },
    {
      "id":4,
      "nama_skin":"Fire Skin",
      "skin_url":"https://rastariski01.github.io/ffskinmcpe/skin/skin4.png",
      "view_skin":"https://klipi.github.io/mcp/freefire/4.webp"
    },
    {
      "id":5,
      "nama_skin":"Fire Skin",
      "skin_url":"https://rastariski01.github.io/ffskinmcpe/skin/skin5.png",
      "view_skin":"https://klipi.github.io/mcp/freefire/5.webp"
    },
    {
      "id":6,
      "nama_skin":"Fire Skin",
      "skin_url":"https://rastariski01.github.io/ffskinmcpe/skin/skin6.png",
      "view_skin":"https://klipi.github.io/mcp/freefire/6.webp"
    },
    {
      "id":7,
      "nama_skin":"Fire Skin",
      "skin_url":"https://rastariski01.github.io/ffskinmcpe/skin/skin7.png",
      "view_skin":"https://klipi.github.io/mcp/freefire/7.webp"
    },
    {
      "id":8,
      "nama_skin":"Fire Skin",
      "skin_url":"https://rastariski01.github.io/ffskinmcpe/skin/skin8.png",
      "view_skin":"https://klipi.github.io/mcp/freefire/8.webp"
    },
    {
      "id":9,
      "nama_skin":"Fire Skin",
      "skin_url":"https://rastariski01.github.io/ffskinmcpe/skin/skin9.png",
      "view_skin":"https://klipi.github.io/mcp/freefire/9.webp"
    },
    {
      "id":10,
      "nama_skin":"Fire Skin",
      "skin_url":"https://rastariski01.github.io/ffskinmcpe/skin/skin10.png",
      "view_skin":"https://klipi.github.io/mcp/freefire/10.webp"
    },
    {
      "id":11,
      "nama_skin":"Fire Skin",
      "skin_url":"https://rastariski01.github.io/ffskinmcpe/skin/skin11.png",
      "view_skin":"https://klipi.github.io/mcp/freefire/11.webp"
    },
    {
      "id":12,
      "nama_skin":"Fire Skin",
      "skin_url":"https://rastariski01.github.io/ffskinmcpe/skin/skin12.png",
      "view_skin":"https://klipi.github.io/mcp/freefire/12.webp"
    },
    {
      "id":13,
      "nama_skin":"Fire Skin",
      "skin_url":"https://rastariski01.github.io/ffskinmcpe/skin/skin13.png",
      "view_skin":"https://klipi.github.io/mcp/freefire/13.webp"
    },
    {
      "id":14,
      "nama_skin":"Fire Skin",
      "skin_url":"https://rastariski01.github.io/ffskinmcpe/skin/skin14.png",
      "view_skin":"https://klipi.github.io/mcp/freefire/14.webp"
    },
    {
      "id":15,
      "nama_skin":"Fire Skin",
      "skin_url":"https://rastariski01.github.io/ffskinmcpe/skin/skin15.png",
      "view_skin":"https://klipi.github.io/mcp/freefire/15.webp"
    },
    {
      "id":16,
      "nama_skin":"Fire Skin",
      "skin_url":"https://rastariski01.github.io/ffskinmcpe/skin/skin16.png",
      "view_skin":"https://klipi.github.io/mcp/freefire/16.webp"
    },
    {
      "id":17,
      "nama_skin":"Fire Skin",
      "skin_url":"https://rastariski01.github.io/ffskinmcpe/skin/skin17.png",
      "view_skin":"https://klipi.github.io/mcp/freefire/17.webp"
    },
    {
      "id":18,
      "nama_skin":"Fire Skin",
      "skin_url":"https://rastariski01.github.io/ffskinmcpe/skin/skin18.png",
      "view_skin":"https://klipi.github.io/mcp/freefire/18.webp"
    },
    {
      "id":19,
      "nama_skin":"Fire Skin",
      "skin_url":"https://rastariski01.github.io/ffskinmcpe/skin/skin19.png",
      "view_skin":"https://klipi.github.io/mcp/freefire/19.webp"
    },
    {
      "id":20,
      "nama_skin":"Fire Skin",
      "skin_url":"https://rastariski01.github.io/ffskinmcpe/skin/skin20.png",
      "view_skin":"https://klipi.github.io/mcp/freefire/20.webp"
    },
    {
      "id":21,
      "nama_skin":"Fire Skin",
      "skin_url":"https://rastariski01.github.io/ffskinmcpe/skin/skin21.png",
      "view_skin":"https://klipi.github.io/mcp/freefire/21.webp"
    },
    {
      "id":22,
      "nama_skin":"Fire Skin",
      "skin_url":"https://rastariski01.github.io/ffskinmcpe/skin/skin22.png",
      "view_skin":"https://klipi.github.io/mcp/freefire/22.webp"
    },
    {
      "id":23,
      "nama_skin":"Fire Skin",
      "skin_url":"https://rastariski01.github.io/ffskinmcpe/skin/skin23.png",
      "view_skin":"https://klipi.github.io/mcp/freefire/23.webp"
    },
    {
      "id":24,
      "nama_skin":"Fire Skin",
      "skin_url":"https://rastariski01.github.io/ffskinmcpe/skin/skin24.png",
      "view_skin":"https://klipi.github.io/mcp/freefire/24.webp"
    },
    {
      "id":25,
      "nama_skin":"Fire Skin",
      "skin_url":"https://rastariski01.github.io/ffskinmcpe/skin/skin25.png",
      "view_skin":"https://klipi.github.io/mcp/freefire/25.webp"
    },
    {
      "id":26,
      "nama_skin":"Fire Skin",
      "skin_url":"https://rastariski01.github.io/ffskinmcpe/skin/skin26.png",
      "view_skin":"https://klipi.github.io/mcp/freefire/26.webp"
    },
    {
      "id":27,
      "nama_skin":"Fire Skin",
      "skin_url":"https://rastariski01.github.io/ffskinmcpe/skin/skin27.png",
      "view_skin":"https://klipi.github.io/mcp/freefire/27.webp"
    },
    {
      "id":28,
      "nama_skin":"Fire Skin",
      "skin_url":"https://rastariski01.github.io/ffskinmcpe/skin/skin28.png",
      "view_skin":"https://klipi.github.io/mcp/freefire/28.webp"
    },
    {
      "id":29,
      "nama_skin":"Fire Skin",
      "skin_url":"https://rastariski01.github.io/ffskinmcpe/skin/skin29.png",
      "view_skin":"https://klipi.github.io/mcp/freefire/29.webp"
    },
    {
      "id":30,
      "nama_skin":"Fire Skin",
      "skin_url":"https://rastariski01.github.io/ffskinmcpe/skin/skin30.png",
      "view_skin":"https://klipi.github.io/mcp/freefire/30.webp"
    },
    {
      "id":31,
      "nama_skin":"Fire Skin",
      "skin_url":"https://rastariski01.github.io/ffskinmcpe/skin/skin31.png",
      "view_skin":"https://klipi.github.io/mcp/freefire/31.webp"
    },
    {
      "id":32,
      "nama_skin":"Fire Skin",
      "skin_url":"https://rastariski01.github.io/ffskinmcpe/skin/skin32.png",
      "view_skin":"https://klipi.github.io/mcp/freefire/32.webp"
    },
    {
      "id":33,
      "nama_skin":"Fire Skin",
      "skin_url":"https://rastariski01.github.io/ffskinmcpe/skin/skin33.png",
      "view_skin":"https://klipi.github.io/mcp/freefire/33.webp"
    },
    {
      "id":34,
      "nama_skin":"Fire Skin",
      "skin_url":"https://rastariski01.github.io/ffskinmcpe/skin/skin34.png",
      "view_skin":"https://klipi.github.io/mcp/freefire/34.webp"
    },
    {
      "id":35,
      "nama_skin":"Fire Skin",
      "skin_url":"https://rastariski01.github.io/ffskinmcpe/skin/skin35.png",
      "view_skin":"https://klipi.github.io/mcp/freefire/35.webp"
    },
    {
      "id":36,
      "nama_skin":"Fire Skin",
      "skin_url":"https://rastariski01.github.io/ffskinmcpe/skin/skin36.png",
      "view_skin":"https://klipi.github.io/mcp/freefire/36.webp"
    },
    {
      "id":37,
      "nama_skin":"Fire Skin",
      "skin_url":"https://rastariski01.github.io/ffskinmcpe/skin/skin37.png",
      "view_skin":"https://klipi.github.io/mcp/freefire/37.webp"
    },
    {
      "id":38,
      "nama_skin":"Fire Skin",
      "skin_url":"https://rastariski01.github.io/ffskinmcpe/skin/skin38.png",
      "view_skin":"https://klipi.github.io/mcp/freefire/38.webp"
    },
    {
      "id":39,
      "nama_skin":"Fire Skin",
      "skin_url":"https://rastariski01.github.io/ffskinmcpe/skin/skin39.png",
      "view_skin":"https://klipi.github.io/mcp/freefire/39.webp"
    },
    {
      "id":40,
      "nama_skin":"Fire Skin",
      "skin_url":"https://rastariski01.github.io/ffskinmcpe/skin/skin40.png",
      "view_skin":"https://klipi.github.io/mcp/freefire/40.webp"
    },
    {
      "id":41,
      "nama_skin":"Fire Skin",
      "skin_url":"https://rastariski01.github.io/ffskinmcpe/skin/skin41.png",
      "view_skin":"https://klipi.github.io/mcp/freefire/41.webp"
    },
    {
      "id":42,
      "nama_skin":"Fire Skin",
      "skin_url":"https://rastariski01.github.io/ffskinmcpe/skin/skin42.png",
      "view_skin":"https://klipi.github.io/mcp/freefire/42.webp"
    },
    {
      "id":43,
      "nama_skin":"Fire Skin",
      "skin_url":"https://rastariski01.github.io/ffskinmcpe/skin/skin43.png",
      "view_skin":"https://klipi.github.io/mcp/freefire/43.webp"
    },
    {
      "id":44,
      "nama_skin":"Fire Skin",
      "skin_url":"https://rastariski01.github.io/ffskinmcpe/skin/skin44.png",
      "view_skin":"https://klipi.github.io/mcp/freefire/44.webp"
    },
    {
      "id":45,
      "nama_skin":"Fire Skin",
      "skin_url":"https://rastariski01.github.io/ffskinmcpe/skin/skin45.png",
      "view_skin":"https://klipi.github.io/mcp/freefire/45.webp"
    },
    {
      "id":46,
      "nama_skin":"Fire Skin",
      "skin_url":"https://rastariski01.github.io/ffskinmcpe/skin/skin46.png",
      "view_skin":"https://klipi.github.io/mcp/freefire/46.webp"
    },
    {
      "id":47,
      "nama_skin":"Fire Skin",
      "skin_url":"https://rastariski01.github.io/ffskinmcpe/skin/skin47.png",
      "view_skin":"https://klipi.github.io/mcp/freefire/47.webp"
    },
    {
      "id":48,
      "nama_skin":"Fire Skin",
      "skin_url":"https://rastariski01.github.io/ffskinmcpe/skin/skin48.png",
      "view_skin":"https://klipi.github.io/mcp/freefire/48.webp"
    },
    {
      "id":49,
      "nama_skin":"Fire Skin",
      "skin_url":"https://rastariski01.github.io/ffskinmcpe/skin/skin49.png",
      "view_skin":"https://klipi.github.io/mcp/freefire/49.webp"
    },
    {
      "id":50,
      "nama_skin":"Fire Skin",
      "skin_url":"https://rastariski01.github.io/ffskinmcpe/skin/skin50.png",
      "view_skin":"https://klipi.github.io/mcp/freefire/50.webp"
    },
    {
      "id":51,
      "nama_skin":"Fire Skin",
      "skin_url":"https://rastariski01.github.io/ffskinmcpe/skin/skin51.png",
      "view_skin":"https://klipi.github.io/mcp/freefire/51.webp"
    },
    {
      "id":52,
      "nama_skin":"Fire Skin",
      "skin_url":"https://rastariski01.github.io/ffskinmcpe/skin/skin52.png",
      "view_skin":"https://klipi.github.io/mcp/freefire/52.webp"
    },
    {
      "id":53,
      "nama_skin":"Fire Skin",
      "skin_url":"https://rastariski01.github.io/ffskinmcpe/skin/skin53.png",
      "view_skin":"https://klipi.github.io/mcp/freefire/53.webp"
    },
    {
      "id":54,
      "nama_skin":"Fire Skin",
      "skin_url":"https://rastariski01.github.io/ffskinmcpe/skin/skin54.png",
      "view_skin":"https://klipi.github.io/mcp/freefire/54.webp"
    },
    {
      "id":55,
      "nama_skin":"Fire Skin",
      "skin_url":"https://rastariski01.github.io/ffskinmcpe/skin/skin55.png",
      "view_skin":"https://klipi.github.io/mcp/freefire/55.webp"
    },
    {
      "id":56,
      "nama_skin":"Fire Skin",
      "skin_url":"https://rastariski01.github.io/ffskinmcpe/skin/skin56.png",
      "view_skin":"https://klipi.github.io/mcp/freefire/56.webp"
    },
    {
      "id":57,
      "nama_skin":"Fire Skin",
      "skin_url":"https://rastariski01.github.io/ffskinmcpe/skin/skin57.png",
      "view_skin":"https://klipi.github.io/mcp/freefire/57.webp"
    },
    {
      "id":58,
      "nama_skin":"Fire Skin",
      "skin_url":"https://rastariski01.github.io/ffskinmcpe/skin/skin58.png",
      "view_skin":"https://klipi.github.io/mcp/freefire/58.webp"
    },
    {
      "id":59,
      "nama_skin":"Fire Skin",
      "skin_url":"https://rastariski01.github.io/ffskinmcpe/skin/skin59.png",
      "view_skin":"https://klipi.github.io/mcp/freefire/59.webp"
    },
    {
      "id":60,
      "nama_skin":"Fire Skin",
      "skin_url":"https://rastariski01.github.io/ffskinmcpe/skin/skin60.png",
      "view_skin":"https://klipi.github.io/mcp/freefire/60.webp"
    },
    {
      "id":61,
      "nama_skin":"Fire Skin",
      "skin_url":"https://rastariski01.github.io/ffskinmcpe/skin/skin61.png",
      "view_skin":"https://klipi.github.io/mcp/freefire/61.webp"
    },
    {
      "id":62,
      "nama_skin":"Fire Skin",
      "skin_url":"https://rastariski01.github.io/ffskinmcpe/skin/skin62.png",
      "view_skin":"https://klipi.github.io/mcp/freefire/62.webp"
    }
  ],
  "Addons":
  [
    {
      "id":1,
      "nama_add":"Fire Addon",
      "add_url":"https://rastariski01.github.io/ffskinmcpe/addon/addon1.zip",
      "addB_url":"https://rastariski01.github.io/ffskinmcpe/addon/addon1(B).mcpack",
      "addR_url":"https://rastariski01.github.io/ffskinmcpe/addon/addon1(B).mcpack",
      "view_add":"https://klipi.github.io/mcp/freefire/ad1.webp",
      "des_add":"file:///android_asset/adon.html"
    },
    {
      "id":2,
      "nama_add":"Fire Addon",
      "add_url":"https://rastariski01.github.io/ffskinmcpe/addon/addon2.zip",
      "addB_url":"https://rastariski01.github.io/ffskinmcpe/addon/addon2(B).mcpack",
      "addR_url":"https://rastariski01.github.io/ffskinmcpe/addon/addon2(B).mcpack",
      "view_add":"https://klipi.github.io/mcp/freefire/ad2.webp",
      "des_add":"file:///android_asset/adon.html"
    }
  ],
  "Maps":
  [
    {
      "id":1,
      "nama_map":"Fire Map",
      "map_url":"https://rastariski01.github.io/ffskinmcpe/map/map1.zip",
      "view_map":"https://klipi.github.io/mcp/freefire/map1.webp",
      "des_map":"file:///android_asset/map.html"
    },
    {
      "id":2,
      "nama_map":"Fire Map",
      "map_url":"https://rastariski01.github.io/ffskinmcpe/map/map2.zip",
      "view_map":"https://klipi.github.io/mcp/freefire/map2.webp",
      "des_map":"file:///android_asset/map.html"
    },
    {
      "id":3,
      "nama_map":"Fire Map",
      "map_url":"https://rastariski01.github.io/ffskinmcpe/map/map3.zip",
      "view_map":"https://klipi.github.io/mcp/freefire/map3.webp",
      "des_map":"file:///android_asset/map.html"
    }
  ]
}